Entry_No,Year,Countries_With_Female_Suffrage,Global_Female_Literacy_Pct,Female_Labor_Force_Pct,Women_In_Parliament_Pct,Feminism_Growth_Milestone
1,1800,0,10,5,0,Proto-feminism era; zero sovereign nations with legal female suffrage
2,1848,0,15,8,0,Seneca Falls Convention launches organized First-Wave suffrage movement
3,1869,0,20,11,0,Wyoming Territory grants full female voting rights (first US jurisdiction)
4,1893,1,25,15,0,New Zealand becomes the first self-governing nation to grant universal female suffrage
5,1902,2,28,18,0,Australia grants women the right to vote and stand for federal parliament
6,1913,4,32,20,0,Norway adopts full female suffrage; Scandinavian momentum grows
7,1918,12,35,23,0.1,"Post-WWI suffrage wave: UK (partial), Russia, Germany, and Canada grant voting rights"
8,1920,21,38,23.6,0.1,USA ratifies 19th Amendment; 21 nations now guarantee female suffrage
9,1930,29,42,24.3,0.2,"Interwar expansion across Latin America and Europe (e.g., Ecuador, Spain, Turkey)"
10,1945,48,48,35,2,UN Charter mandates equal rights for men and women; WWII shift in labor force
11,1950,65,52,33.9,3,"Post-colonial wave: India, Japan, and China grant female suffrage"
12,1960,92,58,37.7,4,Second-Wave feminism begins; FDA approves oral birth control pill
13,1970,118,64,43.3,7,Equal Pay legislation enacted globally; UN International Women's Year (1975)
14,1980,137,70,51.5,9,UN adopts CEDAW bill of rights; women enter higher education in record numbers
15,1990,160,75,57.5,12,Third-Wave feminism begins; 189 countries sign Beijing Declaration (1995)
16,2000,180,79,59.9,13.9,UN Millennium Goals prioritize gender parity in primary and secondary education
17,2010,191,82.5,58.6,19.3,Fourth-Wave digital feminism emerges; UN Women agency established
18,2020,193,87,56.2,25.2,Global parliamentary representation hits 25%; digital #MeToo movement expands
19,2026,194,88.5,57.4,27,Near-universal legal voting rights globally; active push for executive leadership parity
